{"timestamps": [1494131280.667888], "initial_reset_timestamp": 1494131270.569219, "episode_types": ["t"], "episode_lengths": [5404], "episode_rewards": [2.0]}