{"timestamps": [1494127102.904391], "initial_reset_timestamp": 1494127094.631106, "episode_types": ["t"], "episode_lengths": [4497], "episode_rewards": [-11.0]}