{"timestamps": [1494135364.828255], "initial_reset_timestamp": 1494135358.453569, "episode_types": ["t"], "episode_lengths": [3433], "episode_rewards": [15.0]}