{"timestamps": [1494139407.043552], "initial_reset_timestamp": 1494139400.229667, "episode_types": ["t"], "episode_lengths": [3695], "episode_rewards": [14.0]}