{"timestamps": [1494198721.339365], "initial_reset_timestamp": 1494198712.677636, "episode_types": ["t"], "episode_lengths": [4675], "episode_rewards": [12.0]}