{"timestamps": [1494200731.854597], "initial_reset_timestamp": 1494200726.21835, "episode_types": ["t"], "episode_lengths": [3025], "episode_rewards": [15.0]}