{"timestamps": [1494180759.430297], "initial_reset_timestamp": 1494180753.695471, "episode_types": ["t"], "episode_lengths": [3099], "episode_rewards": [15.0]}