{"timestamps": [1494182748.964865], "initial_reset_timestamp": 1494182743.561352, "episode_types": ["t"], "episode_lengths": [2916], "episode_rewards": [16.0]}