{"timestamps": [1494196717.649488], "initial_reset_timestamp": 1494196712.235047, "episode_types": ["t"], "episode_lengths": [2959], "episode_rewards": [15.0]}