{"timestamps": [1494186728.905227], "initial_reset_timestamp": 1494186722.119227, "episode_types": ["t"], "episode_lengths": [3442], "episode_rewards": [15.0]}