{"timestamps": [1494188718.111061], "initial_reset_timestamp": 1494188711.265947, "episode_types": ["t"], "episode_lengths": [3534], "episode_rewards": [11.0]}