{"timestamps": [1494137374.765139], "initial_reset_timestamp": 1494137368.779356, "episode_types": ["t"], "episode_lengths": [3203], "episode_rewards": [16.0]}