{"timestamps": [1494184740.733437], "initial_reset_timestamp": 1494184733.918948, "episode_types": ["t"], "episode_lengths": [3672], "episode_rewards": [15.0]}