{"timestamps": [1494141411.807054], "initial_reset_timestamp": 1494141404.305283, "episode_types": ["t"], "episode_lengths": [4010], "episode_rewards": [13.0]}