{"timestamps": [1494123139.524635], "initial_reset_timestamp": 1494123137.131077, "episode_types": ["t"], "episode_lengths": [1010], "episode_rewards": [-21.0]}