{"timestamps": [1494133335.306331], "initial_reset_timestamp": 1494133327.443727, "episode_types": ["t"], "episode_lengths": [4187], "episode_rewards": [10.0]}