{"timestamps": [1494194727.321592], "initial_reset_timestamp": 1494194721.507899, "episode_types": ["t"], "episode_lengths": [3015], "episode_rewards": [16.0]}