{"timestamps": [1494192723.587495], "initial_reset_timestamp": 1494192716.883249, "episode_types": ["t"], "episode_lengths": [3433], "episode_rewards": [16.0]}