{"timestamps": [1494125024.051477], "initial_reset_timestamp": 1494125018.440929, "episode_types": ["t"], "episode_lengths": [2992], "episode_rewards": [-18.0]}